ID,Name,Age,Grade,Email
1,John Doe,20,A,johndoe@example.com
2,Jane Smith,22,B,janesmith@example.com
3,Emily Johnson,21,A-,emilyjohnson@example.com
4,Michael Brown,23,B+,michaelbrown@example.com
5,Jessica Davis,20,A,jessicadavis@example.com
6,Daniel Wilson,22,B-,danielwilson@example.com
7,Ashley Martinez,21,A+,ashleymartinez@example.com
8,David Anderson,23,C,davidanderson@example.com
9,Sarah Thomas,20,B+,sarahthomas@example.com
10,James Jackson,22,A,jamesjackson@example.com
11,Christopher Lee,21,B,christopherlee@example.com
12,Amanda Harris,23,A-,amandaharris@example.com
13,Joshua Clark,20,B+,joshuaclark@example.com
14,Olivia Lewis,22,A,olivialewis@example.com
15,Matthew Robinson,21,C+,matthewrobinson@example.com
16,Isabella Walker,23,B,isabellawalker@example.com
17,Andrew Hall,20,A+,andrewhall@example.com
18,Sophia Allen,22,B-,sophiaallen@example.com
19,Alexander Young,21,A,alexanderyoung@example.com
20,Emma King,23,B+,emmaking@example.com
21,William Wright,20,A-,williamwright@example.com
22,Ava Scott,22,B,avascott@example.com
23,James Green,21,C,jamesgreen@example.com
24,Mia Adams,23,A+,miaadams@example.com
25,Elijah Baker,20,B+,elijahbaker@example.com
26,Charlotte Nelson,22,A,charlottenelson@example.com
27,Benjamin Carter,21,B-,benjamincarter@example.com
28,Amelia Mitchell,23,A+,ameliamitchell@example.com
29,Lucas Perez,20,B,lucasperez@example.com
30,Harper Roberts,22,A,harperroberts@example.com
31,Henry Turner,21,C+,henryturner@example.com
32,Evelyn Phillips,23,B,evelynphillips@example.com
33,Michael Campbell,20,A+,michaelcampbell@example.com
34,Abigail Parker,22,B-,abigailparker@example.com
35,Daniel Evans,21,A,danielevans@example.com
36,Emily Edwards,23,B+,emilyedwards@example.com
37,Matthew Collins,20,A-,matthewcollins@example.com
38,Olivia Stewart,22,B,oliviastewart@example.com
39,Joshua Sanchez,21,C,joshuasanchez@example.com
40,Isabella Morris,23,A+,isabellamorris@example.com
41,Christopher Rogers,20,B+,christopherrogers@example.com
42,Amanda Reed,22,A,amandareed@example.com
43,Andrew Cook,21,B-,andrewcook@example.com
44,Sophia Morgan,23,A+,sophiamorgan@example.com
45,Alexander Bell,20,B,alexanderbell@example.com
46,Emma Murphy,22,A,emmamurphy@example.com
47,William Bailey,21,C+,williambailey@example.com
48,Ava Rivera,23,B,avarivera@example.com
49,James Cooper,20,A+,jamescooper@example.com
50,Mia Richardson,22,B-,miarichardson@example.com
51,Elijah Cox,21,A,elijahcox@example.com
52,Charlotte Howard,23,B+,charlottehoward@example.com
53,Lucas Ward,20,A-,lucasward@example.com
54,Harper Torres,22,B,harpertorres@example.com
55,Henry Peterson,21,C,henrypeterson@example.com
56,Evelyn Gray,23,A+,evelyngray@example.com
57,Michael Ramirez,20,B+,michaelramirez@example.com
58,Abigail James,22,A,abigailjames@example.com
59,Daniel Watson,21,B-,danielwatson@example.com
60,Emily Brooks,23,A+,emilybrooks@example.com
61,Matthew Kelly,20,B,matthewkelly@example.com
62,Olivia Sanders,22,A,oliviasanders@example.com
63,Joshua Price,21,C+,joshuaprice@example.com
64,Isabella Bennett,23,B,isabellabennett@example.com
65,Christopher Wood,20,A+,christopherwood@example.com
66,Amanda Barnes,22,B-,amandabarnes@example.com
67,Andrew Ross,21,A,andrewross@example.com
68,Sophia Henderson,23,B+,sophiahenderson@example.com
69,Alexander Coleman,20,A-,alexandercoleman@example.com
70,Emma Jenkins,22,B,emmajohnson@example.com
71,William Perry,21,C,williamperry@example.com
72,Ava Powell,23,A+,avapowell@example.com
73,James Long,20,B+,jameslong@example.com
74,Mia Patterson,22,A,miapatterson@example.com
75,Elijah Hughes,21,B-,elijahhughes@example.com
76,Charlotte Flores,23,A+,charlotteflores@example.com
77,Lucas Washington,20,B,lucaswashington@example.com
78,Harper Butler,22,A,harperbutler@example.com
79,Henry Simmons,21,C+,henrysimmons@example.com
80,Evelyn Foster,23,B,evelynfoster@example.com
81,Michael Gonzales,20,A+,michaelgonzales@example.com
82,Abigail Bryant,22,B-,abigailbryant@example.com
83,Daniel Alexander,21,A,danielalexander@example.com
84,Emily Russell,23,B+,emilyrussell@example.com
85,Matthew Griffin,20,A-,matthewgriffin@example.com
86,Olivia Diaz,22,B,oliviadiaz@example.com
87,Joshua Hayes,21,C,joshuahayes@example.com
88,Isabella Myers,23,A+,isabellamyers@example.com
89,Christopher Ford,20,B+,christopherford@example.com
90,Amanda Hamilton,22,A,amandahamilton@example.com
91,Andrew Graham,21,B-,andrewgraham@example.com
92,Sophia Sullivan,23,A+,sophiasullivan@example.com
93,Alexander Wallace,20,B,alexanderwallace@example.com
94,Emma Woods,22,A,emmawoods@example.com
95,William West,21,C+,williamwest@example.com
96,Ava Cole,23,B,avacole@example.com
97,James Jordan,20,A+,jamesjordan@example.com
98,Mia Owens,22,B-,miaowens@example.com
99,Elijah Reynolds,21,A,elijahreynolds@example.com
100,Charlotte Fisher,23,B+,charlottefisher@example.com